{
    "available_space": true,
    "size_max": 32.543670654296875,
    "size_mean": 9.734657702238664,
    "size_min": 3.0570068359375,
    "total_size": 447.7942543029785,
    "video_list": {
        "Y COMO ES \u00c9L..._ - JOS\u00c9 LUIS PERALES - 1982 (REMASTERIZADO)-XBA5J0B2Llg.mp4": {
            "size": 10.8590087890625
        },
        "Y Las Mariposas-UFAh30ePS0M.mp4": {
            "size": 3.603527069091797
        },
        "Y ME DA VERGUENZA-JULION ALVAREZ 2014 cd-UPILlrClJSw.mp4": {
            "size": 5.019657135009766
        },
        "Y Ma\u00f1ana Qu\u00e9-H6u_QkyAkNY.mp4": {
            "size": 4.124717712402344
        },
        "Y Nos Dieron Las Diez - Conjunto Primavera.mp4": {
            "size": 6.805747032165527
        },
        "Y QUE ME IMPORTA - CONJUNTO PRIMAVERA-NyqcpiapzYI.mp4": {
            "size": 6.080783843994141
        },
        "Y QUE ME IMPORTA - CONJUNTO PRIMAVERA.mp4": {
            "size": 6.080783843994141
        },
        "Y T\u00da TE VAS (Jos\u00e9 Luis Perales)-CnaS7XKszYY.mp4": {
            "size": 12.899758338928223
        },
        "Y solo me qued\u00e9-HMjXko5Z2A0.mp4": {
            "size": 5.325771331787109
        },
        "Y te vas-H7cC224QRo8.mp4": {
            "size": 4.758112907409668
        },
        "Y t\u00fa qu\u00e9 har\u00edas-4G4ngM-lrjo.mp4": {
            "size": 4.108519554138184
        },
        "Y yo que s\u00e9-npeE4VNaEbU.mp4": {
            "size": 5.132281303405762
        },
        "YES - Owner of a Lonely Heart (Official Music Video)-SVOuYquXuuc.mp4": {
            "size": 27.79664897918701
        },
        "YNGWIE MALMSTEEN - VIVALDI-xBFBfy_VjuY.mp4": {
            "size": 4.58154296875
        },
        "Ya Lo S\u00e9 Que T\u00fa Te Vas-1Zj2hDscrUo.mp4": {
            "size": 8.016965866088867
        },
        "Ya No Quiero M\u00e1s Tu Amor-6cUQ6aXX8mw.mp4": {
            "size": 5.379245758056641
        },
        "Ya No Quiero Ser Yo-l9FxF7C5J0U.mp4": {
            "size": 6.398891448974609
        },
        "Ya no confiamos en nadie-Imn4nia5SOM.mp4": {
            "size": 3.466275215148926
        },
        "Ya no est\u00e1s aqu\u00ed-wuCnC-lO8fI.mp4": {
            "size": 4.010354042053223
        },
        "Yeah Yeah Yeahs - Heads Will Roll-auzfTPp4moA.mp4": {
            "size": 12.381020545959473
        },
        "Yello - Oh Yeah (Official Video)-6jJkdRaa04g.mp4": {
            "size": 14.1405668258667
        },
        "Yngwie J. Malmsteen \u2013 Evil Eye--bcYH4E0t-0.mp4": {
            "size": 9.196866035461426
        },
        "Yngwie J. Malmsteen \u2013 Far Beyond The Sun-gtL8RF028cE.mp4": {
            "size": 10.319011688232422
        },
        "Yngwie J. Malmsteen \u2013 Icarus' Dream Suite Op.4-_fqgoHRm_ns.mp4": {
            "size": 14.993613243103027
        },
        "Yngwie Malmsteen - Canon In D-YFU72OKbmh4.mp4": {
            "size": 7.847407341003418
        },
        "Yngwie Malmsteen - Rising Force-Dngwio0eJS0.mp4": {
            "size": 16.87453556060791
        },
        "Yngwie Malmsteen-guitarra acustica-wz1VwVozwjE.mp4": {
            "size": 11.743871688842773
        },
        "Yo No Se Que Voy A Hacer (En Vivo)-eOUwPVPccwk.mp4": {
            "size": 6.122952461242676
        },
        "Yo Nunca Estuve Alli-MwSxD6zREHw.mp4": {
            "size": 7.162412643432617
        },
        "Yo S\u00e9 Que Te Acordar\u00e1s-sB2nWq5Paa4.mp4": {
            "size": 7.807736396789551
        },
        "Yo! Bum Rush The Show-d0AtuNAgM_M.mp4": {
            "size": 9.319700241088867
        },
        "You Can Have My Husband (Remastered)-MtjTdWasVUw.mp4": {
            "size": 5.335727691650391
        },
        "You Never Can Tell-u9l0YBKcGnY.mp4": {
            "size": 3.0570068359375
        },
        "You Should Be Dancing-1sqE6P3XyiQ.mp4": {
            "size": 7.161048889160156
        },
        "Young Americans (From 104.9 XFM Compilation)-7li8ehnYm0M.mp4": {
            "size": 7.753105163574219
        },
        "Young Money - Bed Rock (Official Music Video)-Ha80ZaecGkQ.mp4": {
            "size": 24.018136024475098
        },
        "Young the Giant - Nothing's Over (In The Open)-jkp7mTd_VIU.mp4": {
            "size": 13.635187149047852
        },
        "Your Decision-5OXM7yhw4dM.mp4": {
            "size": 5.355064392089844
        },
        "Your Love Never Fails - Chris Quilala _ Jesus Culture - Jesus Culture Music-IoezWBPGRAc.mp4": {
            "size": 32.543670654296875
        },
        "Yours & Mine-dG8DVOxvLOw.mp4": {
            "size": 5.054633140563965
        },
        "Yung Joc - It's Goin Down (Official Music Video)-rFz59Jmgewk.mp4": {
            "size": 22.561110496520996
        },
        "Yung Sarria x El Patron 970 - La Clave (prod. by Retromoney)-_h1HsM8RH8c.mp4": {
            "size": 12.337984085083008
        },
        "Yuri, Natalia Jim\u00e9nez - Una Mentira M\u00e1s-_LqTN2400zY.mp4": {
            "size": 14.916687965393066
        },
        "Yuridia - Ya Es Muy Tarde (Official Video)-FzZS_Lx33Gc.mp4": {
            "size": 11.453177452087402
        },
        "y tu por que no-7yltIdRUNvI.mp4": {
            "size": 5.9990997314453125
        },
        "ya no llores por mi (tercer cielo)-XTUMh9n3rrg.mp4": {
            "size": 14.254326820373535
        }
    }
}