{
    "available_space": true,
    "id": "y",
    "size_max": 32.543670654296875,
    "size_mean": 9.734657702238664,
    "size_min": 3.0570068359375,
    "total_size": 447.7942543029785
}