{
    "available_space": true,
    "id": "y",
    "size_max": 32.543670654296875,
    "size_mean": 9.815854899088542,
    "size_min": 3.0570068359375,
    "total_size": 441.7134704589844
}